<xml xmlns:o="urn:schemas-microsoft-com:office:office">
 <o:MainFile HRef="../template_YAMEOGO.htm"/>
 <o:File HRef="themedata.thmx"/>
 <o:File HRef="colorschememapping.xml"/>
 <o:File HRef="image001.png"/>
 <o:File HRef="image008.png"/>
 <o:File HRef="image009.png"/>
 <o:File HRef="image010.png"/>
 <o:File HRef="image011.png"/>
 <o:File HRef="image012.png"/>
 <o:File HRef="image013.jpg"/>
 <o:File HRef="image006.jpg"/>
 <o:File HRef="image014.jpg"/>
 <o:File HRef="filelist.xml"/>
</xml>