<xml xmlns:o="urn:schemas-microsoft-com:office:office">
 <o:MainFile HRef="../Template_NIKIEMA.htm"/>
 <o:File HRef="item0013.xml"/>
 <o:File HRef="props014.xml"/>
 <o:File HRef="themedata.thmx"/>
 <o:File HRef="colorschememapping.xml"/>
 <o:File HRef="image003.png"/>
 <o:File HRef="image004.png"/>
 <o:File HRef="image005.png"/>
 <o:File HRef="image010.png"/>
 <o:File HRef="image012.png"/>
 <o:File HRef="image011.png"/>
 <o:File HRef="image013.jpg"/>
 <o:File HRef="image014.png"/>
 <o:File HRef="image015.png"/>
 <o:File HRef="image016.emz"/>
 <o:File HRef="image017.png"/>
 <o:File HRef="oledata.mso"/>
 <o:File HRef="filelist.xml"/>
</xml>